{
    "train_accuracy": 0.810036772503582,
    "train_f1": 0.8123040845903605,
    "val_accuracy": 0.8051756864268219,
    "val_f1": 0.8077160875479165,
    "test_accuracy": 0.8046394642627819,
    "test_f1": 0.8070974147076198,
    "version": "1.0",
    "timestamp": "2025-12-06T19:13:27.680116"
}